City,Biomarker 1,Biomarker 2
Sargodha,100.90497908472598,0.518634198199606
Sargodha,508.01903408675923,2.038704864308615
Lahore,22.251105656941697,0.06732265772809343
Sargodha,729.4021870728307,2.4472022186888682
Sargodha,116.57696578230511,1.1944152320060595
Faisalabad,524.3814875115675,0.47244918486665777
Lahore,159.66323813268053,0.07927180683756534
Lahore,169.3729542666558,1.2037758772261808
Lahore,299.2889182818156,0.19594530485749992
Lahore,307.7402487480871,0.35567932196347013
Faisalabad,159.27692985964183,0.5596222789567113
Lahore,282.7530543242015,0.20005241751830616
Sargodha,-26.75090355729848,0.3659270664219191
Sargodha,73.39598281867477,0.2848836795979522
Sargodha,768.7774852644482,2.9953394544826075
Lahore,405.00340548287517,2.610714030639281
Sargodha,12.134872339649988,0.10068278319187288
Sargodha,144.7511374258282,0.49290751557951384
Faisalabad,244.38809273680664,1.2834901316335503
Lahore,383.31399812215875,0.28503391272831397
Sargodha,137.622664397768,0.45925038637799304
Sargodha,404.19183571802887,2.3663771715437227
Faisalabad,196.36426056022697,0.2566498172098174
Lahore,739.1426361081441,1.5946919045354495
Faisalabad,226.08915692385915,0.1387142005325593
Lahore,219.9861859179379,0.12447486878728792
Faisalabad,577.6411751107503,0.382179659708446
Faisalabad,335.9417155354322,0.2777592077586819
Sargodha,133.6001827521142,1.734879082605846
Lahore,367.2622415768852,-0.07354225625644929
Faisalabad,422.8966661254063,0.7334360401700855
Sargodha,319.8330055808898,1.0491947075414287
Sargodha,131.16616078113555,0.5153521392037607
Sargodha,157.69232347286115,0.043070535019139176
Faisalabad,505.29321513182475,1.682721666318433
Faisalabad,577.5308969396276,0.5451289543800758
Faisalabad,576.2514449895583,0.3132405540709269
Sargodha,277.96950378196095,0.2756468624822335
Lahore,518.9439665264713,1.1426321859528477
Sargodha,434.8306369359439,1.302453006760884
Faisalabad,420.574982764014,1.907604894931486
Sargodha,860.3667917843363,1.0185071887480712
Lahore,226.8659385665845,0.9437336707604208
Lahore,222.05520244455656,0.4686097061388086
Sargodha,245.77532892040233,2.096225060920711
Sargodha,232.61161710644683,0.7409191997342277
Sargodha,182.90195208604487,0.3639551728460335
Sargodha,100.36153080882369,0.47875804536025435
Faisalabad,551.1768096192252,2.30001006668887
Faisalabad,105.29246837547775,1.0263313345765155
Faisalabad,186.03372922403068,0.3257881273361168
Faisalabad,428.63412746527837,0.5319247769625604
Faisalabad,19.367501165305868,0.17855333104445326
Faisalabad,160.73823898491332,0.34798319517816173
Lahore,358.6562265496547,1.0299673038033086
Lahore,465.10141071581404,1.9143647655976226
Lahore,189.13134325418753,0.8945465833315811
Lahore,268.01004703260924,0.1244346363753747
Faisalabad,192.4054310823743,0.12327274276400178
Lahore,212.11819775798648,0.8557034631911997
Faisalabad,407.5493502865662,0.8035249806104497
Lahore,347.8007308843376,0.5118786586903221
Lahore,128.8791240049204,0.20791661591815425
Lahore,152.0970994838233,0.1782551702787122
Lahore,240.9297349970121,2.7503665280526883
Faisalabad,366.9165024487747,1.1641287195089538
Sargodha,625.287752099557,0.7546310333570466
Faisalabad,230.24605245342246,0.34608059188468077
Faisalabad,92.41729470384196,0.20442061748804524
Sargodha,236.524462815514,3.823348793248522
Sargodha,251.89296852918284,0.12734842365635998
Lahore,89.40392383093669,0.4338799128078443
Faisalabad,250.47068197990023,1.164958723630907
Faisalabad,298.4540262143884,0.2760086777551749
Sargodha,142.16366369078654,0.14493191533432376
Sargodha,272.86348046031384,0.3739608934390477
Faisalabad,357.5158692902353,0.40328818572387637
Sargodha,115.9705436221138,0.11020691066199428
Lahore,112.78535444101165,0.0
Lahore,437.00051607702466,1.5480936712538131
Lahore,189.10974796022282,1.1581156497146567
Faisalabad,187.46757935146488,0.32967851434362644
Lahore,199.26235518868143,0.22422581566202862
Faisalabad,456.77223307399936,0.7290633699346561
Faisalabad,335.65198291036506,0.3633177172356693
Sargodha,587.4456184906115,1.7390076750453174
Faisalabad,200.86920367690007,0.4957410306012049
Lahore,7.0958816897051165,1.8283889301504428
Lahore,232.010766380531,0.1395896419146755
Faisalabad,750.1094736319666,1.9039781172166692
Faisalabad,-97.81857957914842,0.14935224234254876
Lahore,231.08519500518062,0.1848427036856141
Sargodha,185.75753263557763,0.19937004412635817
Lahore,248.44427934704396,1.1926400388733542
Sargodha,245.56093730864143,0.4287688263958546
Faisalabad,329.19930161989447,0.33764147898549884
Faisalabad,513.4176848349845,2.3660559154607914
Lahore,272.8253481636943,0.30190933625315813
Lahore,103.77767649750884,0.28891014521146346
Sargodha,414.9854471382767,1.0069622438883663
Sargodha,682.3777069406271,1.4828817493999404
Lahore,328.23470916143646,1.2612536004974528
Faisalabad,172.60293316293556,0.3946821962346114
Faisalabad,534.3981776883405,0.29166276887228415
Lahore,308.72721714084133,0.3426767973782467
Sargodha,342.4819899149557,0.17330603128603742
Lahore,53.59360952835996,0.36760214587599305
Faisalabad,129.36516480649988,0.39400907077469405
Faisalabad,455.39261986020546,2.7980087539623333
Sargodha,94.5423301461706,0.40844992088536697
Faisalabad,858.6947557850967,1.5160537895780435
Faisalabad,542.2396567479126,0.916427800073484
Sargodha,366.6136656539866,0.041836464253852526
Lahore,411.2551937591345,0.06784403981382188
Faisalabad,183.43916852998652,0.46992610833392556
Lahore,913.2885537604207,2.140919814316492
Lahore,178.81320613252493,0.46964422082883384
Sargodha,229.40996441674596,0.1919446717655019
Lahore,798.9773086748462,0.362145059856232
Sargodha,291.4963219651575,0.41767908907134577
Sargodha,223.944746638991,0.2865609697969798
Faisalabad,383.8545240348479,2.2467501057696757
Sargodha,236.52960441535262,0.35847977370985756
Lahore,184.08336127326413,1.1152351765146102
Sargodha,214.50316775918643,0.4067203414707112
Faisalabad,86.47287820743216,0.3575466577454462
Faisalabad,20.82281774316896,0.2820818398115497
Lahore,198.450554367236,0.20470401984476946
Sargodha,305.4470789035887,0.1554751409225923
Faisalabad,324.70579912433067,-0.03850087979709787
Sargodha,180.07966411580128,0.18188904375954906
Lahore,434.8756243702481,0.5279067274427929
Sargodha,238.25127842404547,3.2760961110451166
Faisalabad,7.937364870310954,0.4455418236951917
Lahore,-21.68098008756655,0.2531990011421698
Sargodha,142.88218086604738,2.69760530318317
Faisalabad,550.6501373077657,0.9403453440984876
Faisalabad,135.77569911575108,0.5362401470683588
Lahore,457.7383073854582,0.866075826199521
Faisalabad,353.8535709599071,0.12500304720273436
Lahore,137.23521320688457,0.691638033468223
Sargodha,263.67519396710577,0.10357632591319739
Sargodha,255.15309398653682,0.10629553148082374
Faisalabad,205.63679308060486,1.1567689428712546
Sargodha,590.3411228431347,0.9658492313620293
Lahore,172.08544091727762,-0.3712750658481194
Faisalabad,158.64272615848355,0.1537136648710061
Faisalabad,727.7555396599812,0.3632922112504837
Sargodha,464.1890805954761,0.906229899710323
Faisalabad,346.6469301377315,2.539018237086956
Faisalabad,753.1734631266528,1.2352118449261027
Sargodha,273.2790151095086,2.247718111141965
Lahore,778.3321527443561,1.1215465533862692
Sargodha,325.8380299880067,1.3628332595269226
Sargodha,184.93470591678255,0.5254091521198928
Lahore,183.91104294724508,0.05241289028985883
Faisalabad,142.20979870950592,0.2190879935918708
Faisalabad,306.4156346757515,0.3737759073500656
Lahore,181.15013134608998,0.08283869656476622
Faisalabad,138.50559873814902,0.4707027968896851
Faisalabad,469.37563331867125,1.642169895381507
Lahore,432.9292082160271,1.720180519954221
Faisalabad,158.59088501905862,0.32084634785449256
Faisalabad,471.19729352735504,1.8132610537629357
Sargodha,593.6939457155584,1.3606873754055366
Sargodha,501.86800636925807,0.8713725233093956
Lahore,169.75561106264772,0.20040012602365956
Sargodha,570.8457970916002,0.835648736192387
Sargodha,416.8485715718206,1.1586422255056923
Faisalabad,220.58254386817006,0.9151174985052366
Sargodha,134.05854451062746,1.2223749455217023
Sargodha,668.2319797437807,1.6281802450782488
Faisalabad,181.96031068946215,0.14581894136816653
Sargodha,447.70165259837927,1.2763055298402832
Faisalabad,600.0231743928045,1.8673241375035974
Lahore,150.4551032246618,0.2118027713943819
Lahore,100.72172099566531,0.9739601987737544
Lahore,490.5380264250068,1.7626796682755632
Sargodha,431.58881023901523,1.0509524953120597
Sargodha,285.76132861661864,1.8585302843508902
Faisalabad,710.3793347165765,1.113291964513654
Lahore,-51.50691701723911,0.1942007503585999
Lahore,650.5318090021048,4.16730179376512
Sargodha,602.8891884786728,1.351643629677499
Sargodha,526.9773318167485,0.2491624045893917
Lahore,-128.30666431875935,0.5720368240436153
Faisalabad,323.59440070345227,0.2827774440527361
Sargodha,190.8189143153665,1.1878707253370473
Lahore,150.81264866457494,0.2181669329382709
Lahore,201.13418946965587,0.7743429248631677
Faisalabad,457.4094265838753,2.472319792534917
Sargodha,272.03265116857517,0.2549751221645085
Sargodha,659.5676463847996,2.1626156235822673
Sargodha,310.71535556961385,0.3405074420167794
Faisalabad,568.8641190638143,2.37903722739159
Sargodha,225.18815105075802,0.08745726693861526
Faisalabad,183.6677494039062,0.3801437181354891
Sargodha,276.6475622895866,2.5812491888049993
Lahore,545.7942521627059,2.621536692854512
Sargodha,239.09164344662594,0.21079798128850427
Faisalabad,270.62309102083543,0.24707532415477865
Lahore,162.15141046519005,0.24438836695587385
Faisalabad,761.0936925032764,1.313450178855269
Faisalabad,86.26181428465758,0.18682997461400902
Lahore,416.98225423633795,0.915532632903904
Lahore,191.39986396888355,0.4783759174657503
Lahore,626.3089690779075,0.5583543039530896
Lahore,94.0366289091322,6.323279149128801
Lahore,765.8527233444192,1.8702854359842092
Lahore,160.80589073589786,0.02220244652976491
Sargodha,140.75843182281992,0.2663750505763606
Lahore,255.15001270707566,0.18314540840964422
Faisalabad,125.6862826766808,0.35878299434131683
Sargodha,203.33073694263268,0.20212434585205596
Lahore,128.1372459436819,0.3048038015052326
Lahore,268.8798490873083,1.5031044815018824
Faisalabad,210.70141213921596,0.12623816374265615
Faisalabad,219.68690093929678,0.7862734379701376
Sargodha,202.63204834159816,3.210685111372593
Sargodha,54.833724990920196,0.030341745995740646
Sargodha,280.5129975072488,2.7256668297056565
Sargodha,599.3999673800298,1.9582572148146868
Sargodha,135.57394562890377,0.3562883323323167
Faisalabad,138.99396863445617,0.3078559259587494
Lahore,522.1534232626054,3.9543687496217266
Sargodha,156.5746087296965,0.19427227339139144
Lahore,337.89296154113725,0.20975213566663142
Sargodha,188.6991906675718,0.22567744783510377
Sargodha,209.64422703166457,0.31653255992232815
Lahore,308.97797165253684,0.6584587493769416
Sargodha,529.3485937211759,0.6343152538132001
Sargodha,523.7059378752054,1.8037444483869818
Sargodha,155.34794992476662,0.2818908306347284
Lahore,808.8297358122306,3.7312745509723193
Sargodha,306.88871553674596,1.3118094176695088
Faisalabad,160.65395868394577,0.19557398797214234
Sargodha,137.11456069028915,0.47178250298574875
Sargodha,53.40997387082922,1.7542874644761477
Sargodha,577.0204213324998,3.183673810611545
Sargodha,-38.75045464923501,0.5917415689923656
Sargodha,364.9527201143995,2.2612253752451115
Lahore,167.0556693747049,0.08258956196238287
Lahore,364.44620809825415,0.2838165645611763
Lahore,30.21860444590406,0.42303376647898794
Faisalabad,123.01599253853612,0.3569875927878274
Faisalabad,193.18428253994045,0.5852135186465691
Faisalabad,300.1113653113835,1.8965124659435102
Faisalabad,283.56403249663623,1.0576038440660254
Lahore,308.96094658625105,1.5194229267353587
Lahore,81.50733480601887,0.23953615653689853
Faisalabad,207.3622575651848,0.3131437732754946
Lahore,-36.184782677541826,0.24720966910550965
Faisalabad,197.91662207330498,0.42784467969272316
Faisalabad,152.2462005814798,0.3226026343277871
Lahore,269.50532768530536,0.24618997848265872
Sargodha,308.2547092329348,0.23505356021366758
Sargodha,326.2793010093051,1.9163073582695898
Sargodha,308.11526518108184,0.3228466490423543
Lahore,146.21162335286144,0.10523182063805683
Sargodha,214.5287464507138,-0.2568782702544532
Sargodha,390.5853717279945,0.31142886321730834
Sargodha,262.51365895459946,0.43402093416389853
Faisalabad,185.69118473457323,0.14800581625777928
Faisalabad,246.03796962003227,0.4532488092296907
Lahore,484.4078024827256,1.1328100107538963
Lahore,414.1524369965444,1.4695509762184202
Sargodha,123.26242660263665,3.0317266937926997
Sargodha,186.96362602918128,0.1468124207097731
Lahore,439.3952834292942,1.4562996264668948
Faisalabad,166.14411496958883,0.4005250893195694
Lahore,285.4582502359791,0.3937208125867952
Faisalabad,485.0737973568916,3.127021018702189
Sargodha,117.5208299989632,0.4040738119284027
Faisalabad,136.84643647574313,3.0231359025826756
Lahore,181.71141401438578,0.3900990707869864
Sargodha,352.7094009030036,2.7310169428741253
Sargodha,433.38769568482275,2.348349118077695
Lahore,230.09429025209002,1.8259022009596124
Faisalabad,132.16772554506818,0.16255604294931594
Faisalabad,259.61778343568335,0.6078882784461184
Sargodha,363.04630169811475,1.145302348630896
Sargodha,127.43112036307703,0.7965026127395753
Lahore,169.68367611461514,0.6588447575504636
Sargodha,391.93680963198017,0.27633194514331477
Faisalabad,435.81947077219723,1.3444764522851373
Sargodha,248.02870967556078,0.2634838719686078
Sargodha,115.54308191755881,0.5809499606517649
Sargodha,280.00432077249326,0.33154268458428426
Lahore,406.8731854922016,0.6345087097886155
Sargodha,96.13270637631507,0.3729787387456243
Lahore,82.25647034676832,0.17633650670049797
Sargodha,228.61685669341654,0.16135437472779948
Lahore,330.7693458836025,0.26453610924439797
Lahore,371.22470878622414,3.526501437189779
Faisalabad,180.36418155387275,2.810353964235937
Lahore,194.22003534758065,0.22086229766084553
Faisalabad,570.2812538746513,1.6539317404214895
Sargodha,176.27785803014908,0.15975743622134742
Lahore,195.00963905297934,0.17433874884767137
Faisalabad,340.4912333839619,0.18845426828108106
Sargodha,398.7610513871396,0.867941252414868
Faisalabad,404.27070688795,1.4449297443254674
Faisalabad,458.35371588665765,1.7147838622508207
Sargodha,225.920086581147,2.447614765457719
Lahore,183.97106927004563,1.4022517077164687
Faisalabad,299.88299470728555,1.6900180640633309
Sargodha,169.83699519606878,0.4815573913592644
Sargodha,259.0764623496121,1.1454475181257227
Lahore,420.6237432396154,0.34940052477075456
Lahore,790.5927131991681,1.1433726946730212
Lahore,166.70382742119975,-0.07055729397707182
Faisalabad,414.16035205017636,3.3364489348569375
Lahore,309.87887776909173,2.3301814504958474
Faisalabad,336.3401802541886,0.590266521222109
Faisalabad,662.7819351489294,0.04896189180010805
Lahore,49.55880479155361,0.8022060232373713
Sargodha,510.0582248135189,0.9879066165102611
Faisalabad,77.76771373513076,0.17383179486594114
Faisalabad,868.1608684691893,2.806441898920454
Sargodha,252.65107980783355,0.49705804054409153
Sargodha,180.02752063051668,1.8652671045022877
Sargodha,172.13066915558264,0.2552008310315779
Lahore,315.6836958498938,1.9269762509170363
Sargodha,454.5203297194468,-0.6674463553129149
Faisalabad,652.4902535960691,1.1505960934230413
Sargodha,173.33981608375703,0.3816874244356701
Lahore,340.76623704596835,0.3600459139732229
Lahore,643.6156842460206,1.4544414478160597
Lahore,262.0496087512864,1.0076937822506344
Lahore,387.6139355457519,-0.07066777400147065
Lahore,381.43401024951055,0.4225369438273755
Faisalabad,312.7848732610465,0.31151302518328156
Faisalabad,311.8606818660196,2.5570871123266254
Lahore,276.5370301794392,0.407829512931105
Sargodha,1011.9326540731256,0.3987208239311287
Faisalabad,190.24330755989402,0.4889102704488186
Sargodha,289.87857069471596,1.906801578500011
Faisalabad,198.537450282633,0.28242164489031923
Faisalabad,499.85784124815325,-0.00876271007841043
Sargodha,351.16025611797664,3.101274698195643
Lahore,576.2235160041553,1.0558752525124657
Lahore,80.46130963950671,0.23461658210547812
Sargodha,97.99652047621764,0.20683938606366625
Lahore,299.6005475859341,0.5307592476657417
Lahore,26.42369655800302,0.3749266028004983
Lahore,503.69957721109375,0.7939545639656209
Faisalabad,-2.2285340212607716,2.3261000038111095
Lahore,49.83929061844357,1.543044419687283
Sargodha,304.70731515965525,2.955038993978166
Sargodha,441.36472166413466,1.801384277121536
Sargodha,357.68197947039755,0.1994916075990142
Faisalabad,390.9483250003231,1.2006965920325234
Faisalabad,314.7436274401098,1.6150230681647926
Faisalabad,419.1819527975307,1.6768549199882556
Lahore,253.48321480494872,3.6484286846129668
Lahore,223.10890989243998,0.3410471851548935
Sargodha,155.30742595666015,0.40510030718711454
Sargodha,146.8851091552229,0.2521891650633781
Sargodha,198.55527728456886,0.12277038700047666
Sargodha,198.49152503939672,1.5152217304959705
Faisalabad,240.76334398617928,0.16583347163802417
Faisalabad,204.52257963687615,0.40912353062351475
Sargodha,253.2583347541077,-0.020593517991437826
Sargodha,41.78511277848233,0.31659801347834005
Faisalabad,181.32277069409224,0.19117225433371268
Faisalabad,222.53289925322548,1.752919988824414
Faisalabad,280.80621739255014,0.04430778112994915
Faisalabad,517.7354682561211,2.0039916236840947
Sargodha,499.06808916865566,2.0590587441382406
Faisalabad,283.2124331118223,1.0650648843927335
Sargodha,616.0479694577103,2.206457084833965
Lahore,44.755029037197644,0.31818655977305693
Lahore,52.14379139222401,1.2285331566001418
Faisalabad,64.49454939373514,0.014765749689012387
Sargodha,313.66076775285853,1.4606056761968136
Lahore,601.9119902223661,2.4039653086033788
Faisalabad,-225.95151773320492,0.2550794325152082
Lahore,621.35290956152,0.38315291783572536
Faisalabad,240.79436704620127,0.33784949600575137
Lahore,90.11946552753189,2.33914168620787
Faisalabad,234.7808239298607,0.15140290348619112
Sargodha,683.4481166439308,1.4972320507535601
Sargodha,469.1991032627798,0.1471600452866161
Faisalabad,576.4275896350377,1.3509055615252936
Sargodha,117.56125024683593,0.45508163521050604
Sargodha,271.9981021737636,1.2711296956242752
Sargodha,114.45038244422786,0.3930078607693239
Lahore,336.4038327544603,0.32895936196247594
Faisalabad,550.3071528669624,1.3285204979477678
Sargodha,567.9241135381668,0.20612527103403872
Faisalabad,344.7878549811238,0.3769663634533124
Sargodha,274.8327073824633,0.06762047936627094
Faisalabad,419.721179677496,1.8174335087058315
Lahore,333.8154770487621,0.042994832186059595
Sargodha,146.5508944614782,0.35435649311309386
Sargodha,179.62119890303214,0.45169431719593794
Lahore,222.97257279849882,0.5493369712189359
Lahore,454.80777774808826,0.9347901584359843
Faisalabad,139.91472984248324,0.04114968635918275
Sargodha,336.21896224217886,1.505696916993317
Lahore,161.8343761748305,0.6684513565720362
Faisalabad,227.95452728662337,0.20066428820015647
Sargodha,643.1584247663667,0.658177927876086
Sargodha,392.0642757497764,0.14750980371310016
Lahore,200.02500343947557,1.8001260975649809
Faisalabad,339.2893451697921,3.389943486735659
Faisalabad,261.4348526046235,0.8744521669123992
Lahore,437.4203074444545,0.35120273347274283
Lahore,144.34529932350347,0.6509994482898672
Lahore,424.4414999941069,1.9138110727154594
Faisalabad,273.7398935012302,0.22528927956903094
Faisalabad,-91.75762917290416,0.9810518695367707
Sargodha,584.3223841113621,1.1204830392537224
Lahore,240.21082037193088,1.0360213061455328
Sargodha,453.94790844311973,2.184806362994283
Lahore,101.51377642135907,0.748171615402887
Lahore,644.0465891438354,1.5059298690530174
Sargodha,681.7076646214265,1.7371175269646237
Faisalabad,237.9578265624759,0.3347109526916124
Faisalabad,261.3341981583128,0.24649616455060974
Faisalabad,138.4458690382072,0.4455894524125219
Lahore,242.94621917468496,0.6798057243926636
Lahore,261.35757944862377,0.46250303323911224
Faisalabad,261.85755716166994,1.707117735956391
Lahore,677.0672866683141,1.3480718366290865
Sargodha,133.95345544928915,0.40649641095064876
Faisalabad,211.25996227983092,0.15577159690061784
Lahore,969.4725113038288,0.6916869409014149
Lahore,137.81308832466846,-0.12309379200076993
Sargodha,456.1619660612746,3.934599194935386
Sargodha,647.4868309031092,1.2778656595515012
Faisalabad,298.9939122670814,0.1883235878693695
Lahore,145.09546553053087,0.26655535262267044
Sargodha,169.21880803531928,-0.1314048423069625
Sargodha,157.1890617611295,0.3178677809446289
Faisalabad,601.651180193413,2.172693069731261
Faisalabad,320.94675778887,2.647956873234482
Lahore,511.21646035093244,1.453260596481816
Lahore,344.5337628677699,1.2950351734514811
Sargodha,255.82314454428453,0.16519370729656896
Faisalabad,204.1282210591723,0.334292555582292
Faisalabad,100.1050737093359,0.4627783374201542
Sargodha,214.48458428072115,1.0500214115818616
Faisalabad,0.1291593977961717,0.2797146727805594
Lahore,177.63914581290635,0.7954296156619831
Lahore,294.4679179738128,0.14032553682405707
Faisalabad,699.6515932515823,2.6590680288024853
Sargodha,660.6473573514272,0.9429408216771911
Faisalabad,242.6517395778551,0.14504567324475842
Faisalabad,247.29856146221826,1.763927892779884
Lahore,288.4939917016327,0.3491955585708349
Sargodha,246.97520504842058,0.44438879742687026
Faisalabad,768.4986923413991,1.507559706763679
Lahore,182.3971254641663,0.2493776839605377
Faisalabad,508.1372287278919,1.453271691528011
Faisalabad,282.23800283451385,0.31876994861545155
Faisalabad,302.3211919912836,0.05404206707629988
Lahore,-2.246554127785825,0.6715312694295055
Lahore,569.7273697210297,0.9894587931617217
Lahore,173.26168671153604,0.40365823566720804
Sargodha,325.21936266310763,1.3491675199116835
Sargodha,53.00141327926389,0.646573358277343
Lahore,411.84625683557016,0.9188036943121212
Lahore,222.59255778772481,0.4333258229309988
Faisalabad,125.11115503424259,2.7573670727799544
Sargodha,59.35079011833879,0.590518101590409
Faisalabad,220.9734401015846,0.3581741013013438
Faisalabad,327.38874346665233,0.33773665787811513
Sargodha,250.57931630967465,0.35675309540290917
Sargodha,675.8540323572959,4.270559188741321
Sargodha,181.27675043238256,0.07601603936231333
Lahore,458.20027487875234,1.408971748600091
Faisalabad,86.3291106889279,0.4566647185071333
Sargodha,89.49075756781853,0.6380880925167053
Sargodha,790.205737441215,2.579584221763738
Lahore,693.5827396303189,0.4334297257598746
Lahore,68.00214323451873,0.2018723511359507
Lahore,357.8548166999925,0.00027365613065766237
Lahore,192.48430822208752,0.5337939775444221
Faisalabad,376.2696408504566,1.3263378795410283
Lahore,142.0349316363213,0.6250326052224466
Sargodha,297.313359344687,0.4204424889779242
Faisalabad,649.5894586211748,0.8568343746728585
Lahore,257.77657243672644,0.0
Sargodha,447.31662689775186,0.5721899785875479
Faisalabad,206.92501196029616,0.37844573608454174
Sargodha,622.6046351876054,1.735637391654316
Sargodha,501.31104490661863,0.4625107791602893
Faisalabad,460.13706079386617,0.5314557418408496
Sargodha,213.83142573027627,0.10412962708564162
Lahore,250.83840735558238,0.3820967225266231
Sargodha,154.02285587846177,0.8426555836022609
Sargodha,294.46989866837134,0.5512472868272275
Sargodha,91.25896701851067,0.32234141943619327
Faisalabad,281.1721977713327,1.3309437025363833
Sargodha,560.0822574731721,0.6925845235988236
Sargodha,188.16442950212272,1.1813126701625354
Sargodha,41.14916674486765,0.5810364590845704
Sargodha,216.97387912489316,0.16598713712410715
Lahore,67.68983155843702,1.054438891866469
Faisalabad,62.96744084614284,0.1550133699289832
Faisalabad,226.27502821760046,0.2369641387702534
Sargodha,140.87050083567792,0.6371816510859725
Lahore,357.54311730208036,0.13760769092677566
Sargodha,76.03962864785586,0.4932939381872613
Faisalabad,177.1004159472763,0.40923571609587983
Sargodha,235.75918235266238,0.2786773239597271
Sargodha,168.80021171876706,2.6037610442880954
Lahore,554.8124285234313,2.0402692485105773
Sargodha,269.18243645864686,0.4825694881734168
Lahore,80.29150368573231,0.4300152255667313
Sargodha,206.24314850949506,0.2476837108489696
Lahore,557.1208979163907,2.121005542863862
Sargodha,168.48117779676477,-0.06722073844713493
Faisalabad,51.45176354706814,0.13710708996321977
Faisalabad,447.7171521264161,0.5338803355385461
Faisalabad,442.7069151484543,0.5896411989646699
Sargodha,169.07632672629086,0.25863133073707995
Faisalabad,350.1068674722171,0.17728815190410344
Sargodha,135.13959771501538,0.4226228670984287
Sargodha,496.2822222422292,0.32477595107845364
Faisalabad,254.63363252424344,-0.010686610116535822
Lahore,189.13099621102933,0.4096019249826634
Faisalabad,172.83941089084416,0.0828439847882467
Sargodha,511.148910253195,0.35419242320421057
Sargodha,407.2796923640766,0.3860150687531973
Sargodha,244.62140769687886,0.28759738379125793
Lahore,265.62522840106783,2.2310913726817
Lahore,390.1085394105383,3.730531992368679
Sargodha,763.8305921140682,2.7549641720125817
Faisalabad,198.75985253107967,-0.012859020882693084
Sargodha,152.7310075125175,0.36756179398941996
Sargodha,98.27444300033204,0.07351959002152207
Faisalabad,18.884508321605658,0.313143938502391
Faisalabad,493.98911323385374,1.6642695109356587
Lahore,294.784720093197,0.04045567801563724
Lahore,142.03668541688234,0.04977827882553601
Sargodha,396.0134016028247,2.765251381285803
Faisalabad,89.10900318821604,0.3731679026266347
Lahore,207.99251924765377,0.21367326558715105
Faisalabad,216.95713587718373,0.11200865952768631
Sargodha,270.2621927075708,1.783489262478381
Lahore,308.22660696380933,0.5360605784120952
Lahore,245.95201189302819,1.6682436120379636
Faisalabad,211.6440290434994,0.1645357917460457
Sargodha,707.8068290965945,0.39368791356762334
Sargodha,186.12798993803904,0.5675667355048886
Sargodha,382.2313912132623,2.3290338559612507
Lahore,105.65976216681248,1.2550975474677537
Faisalabad,663.074945403966,2.0128760870204983
Lahore,404.4536024314613,2.6655507933636615
Lahore,270.0644890029381,0.3412339513366458
Lahore,275.75793633497,0.2128399049909964
Faisalabad,115.11319054987015,-0.13412775863573756
Lahore,394.74123566022394,4.948791952553
Faisalabad,304.905066151986,0.7589377894325099
Sargodha,188.91969953154478,1.0407001052957157
Faisalabad,396.7135665745462,0.1866693262162452
Lahore,137.34229547114373,0.0931449738804889
Faisalabad,81.54775998449954,0.36249922325424544
Faisalabad,411.5356409928872,0.8986555731488879
Faisalabad,645.9814585761702,0.41092788832900756
Lahore,9.919285115672434,0.18110657544432254
Faisalabad,390.38669911716465,0.30671574724887796
Lahore,487.82420839954153,1.8626622201327878
Lahore,323.3503434071495,1.6896823067567623
Faisalabad,232.07062830839325,0.6121119756183638
Sargodha,120.0818411929231,0.1547719873918359
Faisalabad,263.25229296490033,3.0707495196226633
Sargodha,199.68335961711608,0.03844582394141446
Sargodha,224.92392927713885,1.8967207149810357
Lahore,459.4986956615555,0.09041723280309832
Lahore,152.48108913339746,0.18145029274522986
Lahore,286.1015503760396,3.026869490880765
Lahore,526.7549556598908,2.2650914035807914
Sargodha,15.273534261681288,0.14537795845128182
Sargodha,389.6001772557062,1.407104809319396
Sargodha,406.84583210271643,0.3150933166253163
Faisalabad,178.20861116650312,2.5141409907607226
Faisalabad,300.7382879457008,0.6503158765365393
Faisalabad,180.6350928700399,0.15437659953915056
Faisalabad,285.69512808375,0.36880418968715856
Faisalabad,134.17327224286322,2.480513921106074
Faisalabad,205.93369074887718,0.23138537437374077
Faisalabad,336.58534891822745,0.17484157381288817
Lahore,147.4435578244142,0.11488344576563972
Lahore,150.7788608584317,0.3573772491814422
Lahore,651.7452890662069,1.0379304929114075
Sargodha,235.7139843346137,0.16583336997192294
Sargodha,40.60386023074576,0.49734210606509976
Lahore,221.2751847315327,0.10243527048675323
Sargodha,640.9828711964717,0.7033611661820501
Faisalabad,439.7251742312804,1.932794345803995
Faisalabad,-59.57126076421246,0.5612727622439571
Faisalabad,468.09013835185027,1.8101364895565208
Sargodha,180.16336376339868,0.30771925042677895
Sargodha,17.136703116119584,0.6834154066686289
Lahore,44.7504714374971,4.202124101858155
Lahore,539.9819465069188,1.3270328939129823
Faisalabad,263.66438891622334,2.3942806461908988
Sargodha,184.08685984598537,2.8620034916818438
Lahore,195.0119818635086,0.5992065006615052
Faisalabad,130.14295419126907,0.5661359427060272
Lahore,195.69303137946918,0.2371030453523285
Sargodha,235.54252654217717,0.15013149760636205
Sargodha,153.20084641206736,1.8558124107854894
Faisalabad,143.23765980040918,0.2725950342117169
Sargodha,243.0661692368624,0.347775127949726
Faisalabad,192.15469717665587,0.7125497570106023
Faisalabad,322.2336629581723,1.0652972941056051
Lahore,689.0422422063923,1.441022881795329
Faisalabad,580.3454741444264,1.6307332526449327
Sargodha,641.7992845848021,1.6830974952760893
Faisalabad,143.5679930378133,0.008599417198651272
Sargodha,219.03952448005677,0.2839744714602121
Lahore,326.3312021786559,2.553004580125629
Faisalabad,477.73855967015004,3.9531787635725433
Sargodha,348.63121769372646,0.8031123608391596
Lahore,247.88401411571428,0.1681435201538314
Faisalabad,184.73226633426688,0.20302338027173358
Sargodha,216.87199816780114,-0.015119012975567349
Faisalabad,547.5462928862318,0.07775148985064363
Faisalabad,313.3444697887402,0.10558317617944263
Faisalabad,273.46556902223006,2.3583429098897253
Lahore,253.4606219400501,0.12306688456495957
Sargodha,236.7140236558323,1.6437753838525624
Lahore,142.4369086861495,0.31135213534583395
Faisalabad,79.13051527510314,0.2030524053453875
Lahore,470.90444676708887,0.788834308680834
Lahore,543.4238220530609,1.2645179755826879
Lahore,136.45259506680023,0.3790706751483594
Sargodha,666.4874970218577,1.876917555161921
Faisalabad,13.45897057216283,0.30586417761745527
Faisalabad,129.2176738536792,0.2746394873522203
Sargodha,407.179631068068,1.8122624439999198
Faisalabad,144.85056304198326,0.8298024216420681
Lahore,24.667584681791148,0.1287959344581977
Lahore,187.58665331583774,0.2722672525351971
Faisalabad,283.10110084877806,0.11830987481724307
Sargodha,338.41819623998765,0.41168773897671757
Lahore,122.75417386914599,0.31281580278298643
Lahore,272.761274515447,0.4523414566952679
Lahore,224.9761321089967,0.5649363614507781
Sargodha,341.55869946037683,0.18675552803004278
Sargodha,306.0395638693327,1.0516092534935688
Faisalabad,39.09090393417322,0.7803555889414955
Faisalabad,187.52778544171431,0.3523511396203092
Faisalabad,132.64474183957225,1.880840730048766
Faisalabad,233.5985650416526,2.523525668081535
Faisalabad,180.88618554121715,0.11398838538641082
Faisalabad,151.9549002841804,0.20813584695620602
Lahore,445.4443275143252,0.45446067407177804
Lahore,616.3196401436728,1.3271486967371378
Sargodha,346.8561885538572,1.4490619162906295
Lahore,552.2082752731451,1.7846632913218219
Faisalabad,366.696513807352,2.2627206194842966
Sargodha,578.2923959880537,1.3836123137266443
Sargodha,193.05988050908877,0.40701435390257135
Faisalabad,347.7142716848054,1.951340551268468
Sargodha,157.12232469866566,0.11404591786578866
Sargodha,401.54869401906876,0.8127433825608321
Sargodha,114.40685896971227,0.4834292259743188
Lahore,103.58323157449631,0.29739238356860165
Faisalabad,528.7833058963591,1.4064630982941684
Sargodha,176.94207514537192,0.14797160239454935
Lahore,255.4940503659187,3.349523350921628
Faisalabad,288.0406196585369,0.17259540111142646
Faisalabad,292.39560888685975,1.8467987540904107
Lahore,249.0140221379412,0.6489097981526117
Faisalabad,276.8595158771756,-0.36222088299726546
Lahore,91.14047979203212,0.2232459192132432
Lahore,45.58411719438316,0.40322068160504887
Sargodha,344.9705209537086,0.3327379909098711
Sargodha,169.60481280883735,1.278559386500233
Sargodha,535.7013850743932,2.5853510988336335
Lahore,93.13993365959834,0.6683647189318056
Lahore,605.4225650240174,2.0706246880401804
Faisalabad,954.9396784876279,1.4329841902676463
Faisalabad,61.91031321115849,0.4805015630835991
Faisalabad,95.47363257072332,-0.01593940702920138
Sargodha,297.48772068949097,0.0470592276768369
Sargodha,253.52833532376025,0.35396485562490293
Lahore,306.64159581189415,0.2031769712697635
Sargodha,142.28927751390742,0.26847545286659885
Faisalabad,415.58081026185533,0.32628461865197267
Faisalabad,442.6723385381629,3.6105494178984725
Sargodha,82.90408717669234,0.17656446135352885
Sargodha,271.63540824332205,2.0494736192812413
Faisalabad,79.9977231082949,0.30028694040314907
Lahore,363.0800807634056,0.1939060488214003
Faisalabad,223.72467911238053,2.064814406600884
Lahore,229.22124367453918,0.3462530382691445
Lahore,151.42629854958943,0.35209010862303236
Faisalabad,141.51434000572235,0.5598405438484284
Sargodha,14.538822632469781,0.709167408645016
Sargodha,237.60306744348736,0.40148742776198293
Faisalabad,691.1784724258141,1.7634039541256208
Faisalabad,217.34849993628706,1.0495929481241297
Sargodha,86.40646815025246,1.6092055763354693
Lahore,567.6714986544104,1.4193647202472937
Sargodha,31.1254548988865,0.290137671642892
Lahore,655.1749524654706,1.6190790517900968
Faisalabad,109.32493265597321,0.10534289630774422
Sargodha,79.2913392157324,0.1914844165255368
Lahore,207.70171615200306,-0.17988969678182673
Faisalabad,199.58609836012673,0.9785798087766036
Faisalabad,143.60117220076324,0.3056467597645724
Faisalabad,219.36757630561112,0.27957962266995395
Lahore,-39.662853324313105,0.19900771757656963
Lahore,788.5837667434818,1.5449436245490222
Lahore,254.9032337224515,0.5060903706178301
Faisalabad,71.72859804166208,0.05350964481445832
Faisalabad,100.26554119851001,0.08176789729414337
Sargodha,292.3586423155369,0.15133371926763045
Lahore,421.37057548200477,0.7890472207747949
Sargodha,273.58414149549935,0.180017900172998
Faisalabad,120.68710055903601,0.028781556908756445
Faisalabad,525.9176987075339,0.36207339765933577
Sargodha,239.62358128863815,0.5748186805529899
Lahore,273.2327428380705,0.27856279620102264
Lahore,288.7105933152486,0.1493597581725666
Sargodha,245.64396203080753,1.3962120657431043
Faisalabad,379.05177618014335,3.0090211447660935
Faisalabad,140.1177533993377,0.20042105208757857
Sargodha,197.4554191010303,0.2540374130931038
Sargodha,450.6382746045169,0.7497068524476327
Lahore,64.69536145124866,1.0360275369399607
Sargodha,578.3431119194271,1.5300849752913892
Faisalabad,172.16357514725007,3.114122966669691
Lahore,287.74704565147067,2.915308630587643
Faisalabad,371.56110808561994,0.3874242104184208
Sargodha,506.34211366139067,1.183288568088395
Sargodha,252.4352814176489,0.5101604033440756
Lahore,161.4166690768632,2.93441223919738
Lahore,186.40324251435104,-0.2202465167779959
Faisalabad,627.9582406888143,1.0406760673592559
Faisalabad,275.82243685780185,1.2859771789468626
Faisalabad,111.15828359743962,0.05325810861225694
Sargodha,271.70541118418544,0.055120549762156905
Lahore,91.80685411094257,0.39005551690260776
Lahore,172.42783157236232,0.17438340937541663
Faisalabad,495.4050265956652,0.7706564062982064
Sargodha,428.42391180233454,1.5397916155498559
Lahore,149.2157553354572,0.5650615034480627
Faisalabad,152.64426582041415,0.17347761345494658
Sargodha,202.75988396512963,1.130758907550136
Sargodha,259.6991750490509,0.09762418437847255
Faisalabad,254.3835044203034,1.0585211706950386
Faisalabad,443.8273208645041,1.3285024860525139
Lahore,283.18347086629086,0.31953938519955366
Faisalabad,89.0847069434285,0.4426181149737942
Sargodha,372.70236392560906,0.7398352425701622
Sargodha,165.96212840818228,0.29480945204114123
Faisalabad,658.9936471684435,1.580922122023348
Lahore,375.94545637752185,0.5020552128661331
Faisalabad,358.5482407103322,1.29348281259019
Faisalabad,271.61029095778025,0.2887757185021203
Lahore,231.6635698103549,0.39267573283188334
Lahore,728.8784971846958,0.06122125013240758
Sargodha,813.1317285139444,0.6836105208511618
Sargodha,101.58536312129682,0.13696294576249313
Sargodha,657.7891879680237,0.5228101383486856
Faisalabad,625.7413343432399,2.777868692912553
Lahore,318.0415022374159,0.4553347601666114
Sargodha,322.0569851098953,0.23446305046345106
Lahore,678.0790043367466,0.97534545703853
Lahore,136.44059200414094,0.2738289922575161
Sargodha,96.57867025308082,0.4670399626779764
Faisalabad,349.3299283937391,3.460567136031633
Sargodha,76.09289667476283,1.9215501343053218
Sargodha,345.12690234071397,0.4409044596107358
Lahore,160.92411798418365,0.468674069959095
Faisalabad,334.8435317214237,0.4133257359698384
Faisalabad,135.25607440899847,0.5430445942284243
Faisalabad,272.6427611380405,0.22677955797868138
Lahore,134.85869302713294,0.4790938880091169
Lahore,157.0809148761363,2.7306173024696827
Faisalabad,382.969259537288,0.11818657783623254
Sargodha,287.23989071386114,-0.00832477776003171
Sargodha,453.4174461380858,0.6006942294235004
Faisalabad,358.99003672632097,3.01013071434825
Sargodha,204.68708812901812,0.08322088178243013
Sargodha,402.7143440478449,0.7819261024749949
Lahore,262.0761179447907,1.4013470809332231
Lahore,161.33548938985192,0.2826043120857804
Sargodha,879.2793587125919,1.9458498611649204
Faisalabad,413.6026756411449,0.11569098593316313
Lahore,757.0670573615201,1.8425235464144656
Lahore,192.38452447482442,0.6390370804806196
Sargodha,348.2415776489446,0.44390709349976887
Faisalabad,184.47846528681572,3.303066681494755
Lahore,102.4505970010832,0.2331457535278278
Lahore,274.87914484951546,1.9945671041643274
Lahore,436.2873407538483,0.16270414897868746
Sargodha,316.54946717865886,0.1282637613541535
Sargodha,532.7780076474664,0.826705524066071
Faisalabad,111.99912717563592,0.5089858376357989
Lahore,388.349362322056,0.29897190076477637
Faisalabad,185.63215136526733,0.31184694114433437
Faisalabad,-35.421685046114106,3.092166054841393
Faisalabad,198.4745933136813,0.12254540020232244
Lahore,132.98312552102544,0.11155962826344826
Lahore,159.12486721648003,0.5909252924222845
Lahore,164.77657516576508,0.11008039039519808
Sargodha,267.29851081625054,2.328160890614808
Faisalabad,392.1657645887504,2.432343853133398
Faisalabad,406.54592339635246,0.7274862135387842
Faisalabad,27.81876320213056,1.4916730570328742
Sargodha,350.4788765731749,0.3404305505165939
Faisalabad,216.5407580119312,2.540207053136428
Sargodha,199.5681076326449,2.259384333442802
Faisalabad,291.6674575625931,-0.6592811840473987
Sargodha,333.8788994393196,1.7229653210699798
Lahore,361.1001979781598,0.29347481295413475
Faisalabad,250.3968365824775,0.4449264631712151
Faisalabad,503.0272348854687,1.2269317134306528
Lahore,402.59290520224084,1.8856522995683074
Lahore,458.56535520349786,0.8036223116440415
Faisalabad,528.928056206925,0.3341284699909612
Sargodha,6.585327442500911,0.16788478128698436
Faisalabad,371.89232197160015,1.6859781280310935
Lahore,648.2635276670873,0.6170579658396897
Faisalabad,633.3633507868306,0.24559026331676473
Faisalabad,78.69782502717976,0.46073851878423944
Lahore,266.28437223984474,0.5379295897618696
Faisalabad,228.63254754010535,1.1749921331223512
Sargodha,414.01407499008917,0.036786237258561214
Lahore,75.73342934904232,0.39703056973451667
Sargodha,422.6152579408566,2.4828331269804025
Lahore,52.00537024049741,0.40685750172996843
Lahore,151.38785004114294,0.1212338408189593
Faisalabad,350.8750704611591,0.6426378845747247
Faisalabad,805.794066456647,0.0
Faisalabad,144.88480829311112,3.002483910286535
Sargodha,535.3399928183244,1.1708707916349947
Faisalabad,192.74280314046422,0.2674713212343945
Faisalabad,229.47258424636394,0.36831267117455335
Sargodha,533.979055000668,0.9257011232668642
Faisalabad,68.29701560936164,0.35676503597875037
Faisalabad,524.1759624922125,0.4927612544918485
Sargodha,309.8320993061395,1.5903216158302234
Faisalabad,325.2834239144151,0.21220920964510848
Lahore,438.8968352931215,3.0466751877563008
Lahore,286.47545895727114,2.5078333306138356
Sargodha,255.91028661001593,2.5017571606957136
Lahore,703.0004535944773,1.179455473280584
Sargodha,616.3198685558953,1.136398357525807
Sargodha,151.51975711766445,0.3810458655989737
Faisalabad,173.8321835608299,0.2744268354090176
Lahore,505.16457055222975,2.131488224271044
Lahore,103.12471383969805,2.5826527699883686
Lahore,136.11956223373755,0.6695206519591568
Faisalabad,194.0210429657249,-0.03713782610912478
Lahore,346.22406945603325,-0.4586389261024885
Sargodha,57.3044230256924,0.2770480436687503
Sargodha,4.987195384495228,0.2071533647389357
Sargodha,137.03209519756598,1.8541191982738399
Lahore,425.43838589819165,1.7417079851771764
Lahore,114.73180864003416,0.8903711063389329
Sargodha,292.11253668006606,1.5279146496321079
Sargodha,765.6595016989191,0.7333424225318503
Faisalabad,216.8635578355385,0.28738056252761457
Sargodha,542.2959241224008,0.4699745537393622
Sargodha,109.23768230831777,0.05901343217805702
Faisalabad,739.0167865317753,1.691647987631463
Sargodha,150.76450807509772,0.1976967277703923
Faisalabad,347.2914818475027,2.5642956446275926
Sargodha,380.8315068174331,0.6519601985990098
Sargodha,179.8901224854072,0.13281926504206615
Lahore,220.57810078194737,0.6985663782730316
Faisalabad,361.7046084738882,1.7684727048924445
Faisalabad,419.21573213209376,1.1725903818622496
Sargodha,210.58354613191352,0.5500379162018562
Faisalabad,264.8167970155195,0.4013320946097443
Sargodha,274.7421926794551,1.4026239445039212
Faisalabad,237.52951219171604,0.7205045258414445
Sargodha,132.44501593853855,0.17316111537694612
Faisalabad,51.18080686620381,0.3564941232332902
Faisalabad,87.44313980613002,0.7972223290855504
Lahore,253.87142727556068,0.5511029141155855
Lahore,711.1401843683772,1.3298139207547728
Lahore,630.1944418453752,2.3773810478084023
Lahore,-75.06128517135338,1.5312011484782715
Faisalabad,172.96638502101624,0.12897042033658226
Sargodha,90.65279616337524,0.13812121091334456
Faisalabad,189.48495212898553,0.2730020644554698
Sargodha,411.3658851095609,1.4085152964160266
Faisalabad,571.5165753269317,3.1498536647099344
Sargodha,223.67723303188055,0.39047941095880273
Sargodha,27.09150637388987,0.38349548716360715
Lahore,199.8688836132889,1.6996521919864702
Faisalabad,260.75206492746497,0.389575267643043
Faisalabad,214.16316513116328,0.48029319351690564
Sargodha,58.303105164237415,0.24790770554974523
Faisalabad,44.747862518175126,0.16556539059471237
Faisalabad,366.0116700880258,1.1872118428785392
Sargodha,70.91886562794103,0.6508234412292366
Lahore,35.27108384325637,0.5669671475169324
Faisalabad,296.97816208741375,1.102299576269337
Sargodha,275.8585883306962,1.4309361522717192
Lahore,115.77150272903735,0.2686404027491237
Faisalabad,303.9736836479962,1.2392661532229894
Faisalabad,490.3689986046531,1.2388190136586272
Sargodha,123.74744884319828,0.08615374088456958
Sargodha,175.54334001163676,0.022060442680419935
Faisalabad,156.17141906220544,0.4439203363627098
Sargodha,388.00937781421135,1.6169864526206572
Lahore,595.7885520453855,1.500271482740946
Lahore,285.1314648733505,0.07173033773896334
Sargodha,521.1813596639743,1.0303848121113157
Lahore,357.60650900904216,0.6058949768577296
Sargodha,451.0693426056736,1.395791736850999
Faisalabad,309.3972515660714,3.0119774833011554
Faisalabad,150.92976121055918,0.39767846543630764
Lahore,223.32231601927376,0.5993239707373882
Faisalabad,194.35916006035907,0.07251484289876975
Faisalabad,548.9183519178788,2.3670010020181347
Lahore,142.69974182915936,0.0
Sargodha,416.1098139632799,-0.001207836864000633
Sargodha,145.04045799837078,0.37985580169450844
Faisalabad,226.00590120654206,0.3481403631481301
Sargodha,239.3517416482582,1.960478665023306
Sargodha,120.16245723853797,0.1131517590908952
Sargodha,122.71689620564428,0.386937857665521
Sargodha,250.34539402842586,0.20067171784850088
Faisalabad,199.77469866949932,0.3774202449131914
Sargodha,165.25931298184625,0.5294825232607726
Sargodha,507.6853108218488,1.0491396947895821
Sargodha,166.2696842741675,0.09792597897917016
Sargodha,328.0811551739092,0.21622014514719023
Faisalabad,189.32169464359418,0.5666348833331412
Sargodha,182.96176978404404,0.44051970489521475
Lahore,127.38024256326183,-0.08377653813213612
Lahore,377.73920145311354,0.7317511273296978
Faisalabad,34.8732778971448,0.5287826020592312
Faisalabad,686.5791306397816,0.10096082002856
Lahore,321.2879149811929,0.20416391274448015
Sargodha,595.8124171770379,1.351792636899519
Faisalabad,429.1065295569,0.928265134847801
Sargodha,104.11044523422049,0.37794562024028855
Sargodha,215.93868623352907,1.858863178483634
Lahore,734.2757874858684,3.4280080031137135
Faisalabad,356.4858562902669,0.1678830600956318
Lahore,414.95953318387586,0.6610285586321601
Faisalabad,129.06562073671554,0.09365581337382436
Sargodha,264.8411734925569,0.2735468509281689
Sargodha,319.84672546072153,1.3192537422719954
Faisalabad,196.36161523324944,0.39505738510877925
Lahore,327.1007536473085,0.5226244998458369
Sargodha,215.27737756204388,-0.011909911658304394
Sargodha,223.39549432190634,0.12898760984648347
Sargodha,250.27908422331703,0.09793749594961794
Faisalabad,431.30636070905655,1.2431326020836493
Faisalabad,92.04043169526791,0.23694670101352108
Sargodha,250.00980701975797,1.049702358116015
Faisalabad,364.0227205832547,2.5587858819071196
Faisalabad,47.525698049850526,0.1707109169797003
Lahore,422.95265601512256,1.2241033970726787
Sargodha,443.4133967187602,1.5534795311312564
Faisalabad,270.9982872876102,0.41783753944770885
Lahore,116.41790609194695,0.8810083530935746
Faisalabad,329.02147558785583,0.2806475555002265
Sargodha,958.9468267396933,3.218204534879936
Lahore,566.3856184126945,-0.21148263574833592
Faisalabad,162.0888140299447,2.124573310217314
Faisalabad,292.5808745369578,1.5228450139005467
Sargodha,241.1217402278644,1.3276023117908204
Faisalabad,491.5553496401655,2.1974692728543017
Sargodha,217.67642404984701,0.25403222999832165
Lahore,382.0951614348483,2.0661772940698655
Sargodha,190.57211241619547,0.21577732690021273
Sargodha,249.9205912730083,0.18015028848669706
Lahore,310.20453063599524,2.7254915722630146
Lahore,411.2987875468391,2.449545538170565
Sargodha,291.91484005228307,2.229071796820542
Sargodha,697.2721971417247,0.7338519694935283
Sargodha,342.9088583273271,0.3065706834910822
Faisalabad,222.5405710082858,0.48858524410114157
Lahore,359.000359345025,0.18714332350258803
Lahore,258.99759692240303,0.3366584135348172
Sargodha,527.8676206024013,0.30611893476798885
Faisalabad,78.6141567778703,2.8403635995547787
Sargodha,188.06862056405734,0.17240369035449993
Lahore,298.028217328715,1.0300642245463638
Lahore,205.89464639061273,1.3686433350105718
Lahore,45.58254461964708,0.22331117884763005
Faisalabad,506.02202735310607,1.6465954885275047
Faisalabad,456.7650993458647,1.8195861018798805
Lahore,171.09992059610573,1.2955922077229294
Faisalabad,123.71281473260211,0.0
Faisalabad,655.953621679489,0.4113558314033434
Faisalabad,198.08656536432704,0.7980929535379765
Lahore,460.2093676339661,1.351384177494665
Faisalabad,431.73787555303653,1.5509995247544925
Faisalabad,414.80315446077134,0.6593630491412836
Sargodha,93.42168800754933,0.5330627828594453
Sargodha,208.25591770209627,0.03314238945794042
Sargodha,214.25894702888593,0.4331486092556837
Faisalabad,506.25104301403286,3.5392426289167473
Faisalabad,146.0965199990328,0.3211749374081988
Sargodha,405.61741246278103,0.4227677582764893
Sargodha,809.0116740858065,1.3612031566123046
Sargodha,500.260333667371,0.16131590420134945
Faisalabad,125.19891896691765,0.07257127769490761
Sargodha,-77.33304422565723,1.8328077017979538
Lahore,268.8673582017893,0.1764535305216534
Faisalabad,405.54983131168495,1.0923300300078558
Sargodha,630.5746229918176,0.9879767509852045
Faisalabad,509.5295556365158,1.3538366127295818
Faisalabad,438.48263911897817,2.446893970266017
Sargodha,315.8944099197644,0.21964280505006753
Sargodha,645.5841662117338,1.3424845562669616
Faisalabad,117.16702877282933,1.6091418691577715
Lahore,116.39861543295056,0.35291253378883075
Faisalabad,178.11214996767848,0.36436326054163976
Sargodha,326.30705052027275,2.0169530406242857
Faisalabad,187.4603549017679,0.45328921512372844
Sargodha,553.782132963579,1.7799166359090561
Sargodha,588.7345911008102,2.264324775314954
Faisalabad,746.403296999506,0.8377119664470115
Sargodha,245.33199595151592,0.16323031775089838
Faisalabad,115.00190375060612,0.09695658112898993
Faisalabad,192.2467691112224,0.22412673752655335
Faisalabad,383.9672278687184,1.441298733943677
Faisalabad,539.3903314759586,0.9811281478456065
Faisalabad,199.86578271808662,0.17670449865514662
Faisalabad,469.48147583033506,0.19429200968041024
Lahore,159.81032307539638,0.2169530273173812
Faisalabad,456.6797272163428,1.5035955941542665
Faisalabad,803.444252883785,1.067323063251527
Lahore,139.51274789633587,0.3270841407296205
Sargodha,326.06260181789395,2.1005621303677864
Lahore,191.50418904599118,1.0970449268039433
Faisalabad,188.1061409468403,0.649173845227621
Faisalabad,110.50622746447036,0.4066420359770746
Sargodha,621.5473843122346,3.4180145596436415
Sargodha,462.74721412126564,1.5161447208060168
Lahore,114.73756030540832,0.6737911457877666
Faisalabad,232.8413341879833,0.3023030177633966
Lahore,475.16719647400606,0.3670172950119038
Faisalabad,597.9458023877496,1.1834487235846847
Sargodha,90.63329445717615,0.432070665814259
Faisalabad,486.79341671709994,1.0187486006046227
Lahore,589.3351101120006,-0.15417942038772975
Lahore,169.20312774790074,0.19685969830754962
Lahore,158.20291779229973,0.5445982212293937
Sargodha,172.48541984525255,0.4263635465193438
Faisalabad,745.6946328633944,1.5980161866291083
Faisalabad,282.1621012946831,0.4154185966204355
Faisalabad,145.05605547206028,0.8841639571849944
Faisalabad,74.52685346148691,0.2876975957111017
Lahore,343.5716412434436,1.2997835664551274
Lahore,159.9598517693054,0.14333457047883305
Faisalabad,574.9149940766226,1.3817543827079004
Faisalabad,195.9144196222574,0.10731151677138198
Sargodha,258.69767606454303,0.5892854761698363
Faisalabad,642.5824549229582,1.3463426501325362
Lahore,190.56211497861358,-0.013794044253963333
Sargodha,517.525826205325,3.033125014324101
Sargodha,61.465755471661794,2.272241247444162
Faisalabad,-38.544463502848416,0.3749689013218497
Lahore,113.05329792967396,0.8412180953106341
Lahore,140.99797282081926,0.08356497771135857
Faisalabad,249.80347946783488,0.21773944781046536
Lahore,-32.45355948637204,0.2625120456339924
Faisalabad,370.97993990672956,0.3004595456161011
Faisalabad,195.18814995730358,0.1913001009810485
Faisalabad,640.1361961569579,2.990794545423665
Faisalabad,237.8453873917735,2.9475066625452304
Lahore,539.5818158141717,1.0640405015912415
Faisalabad,163.52106482830916,0.31640053553960185
Sargodha,291.2360573173187,0.07367269745557559
Lahore,328.51480562645264,0.8720873061400307
Sargodha,239.37013400379948,0.2510439978000994
Faisalabad,253.8526429350473,0.23548565402577776
Lahore,118.46044198895484,0.07461660753951467
Sargodha,230.59239686923559,0.43143912288088826
Faisalabad,19.231626316367255,0.6987551685549517
Faisalabad,536.4468492840765,1.1189979360830498
Faisalabad,747.4312207144105,2.4232348025181265
Faisalabad,185.86873225382095,0.030839768899333597
Lahore,186.99692100957225,0.38513009703841555
Sargodha,280.011587261861,0.5874938839064223
Lahore,402.220659746377,0.4288545943076768
Sargodha,237.83618573153086,0.22810004340526777
Lahore,329.0406142084159,1.5496055591845503
Sargodha,354.4516669286753,1.216760021170272
Lahore,341.52509358501004,1.6047070222802988
Sargodha,218.18321652692225,0.3193504137020675
Lahore,175.58084939166704,-0.12564289529224948
Sargodha,383.8946357897133,1.9896602786042161
Lahore,496.0262174805964,1.0260006693918244
Faisalabad,306.6880440437525,2.35977790528112
Sargodha,125.85292782568642,0.8891866072114208
Sargodha,384.50545785882326,1.189319765807952
Sargodha,275.07285820540056,1.4376728171333912
Faisalabad,124.72256592681441,1.5685965422959232
Sargodha,505.91334119976483,0.01969306905139936
Sargodha,282.4482338639139,0.5854499739419466
Faisalabad,133.746547273519,0.3886980240860765
Faisalabad,214.21218866383657,0.15778140803511864
Faisalabad,50.302771476731635,0.3370026376376227
Sargodha,58.14682869349691,1.7780338613235667
Faisalabad,470.07350623234,1.2657208184568187
Faisalabad,12.89953346495853,1.6966587675631877
Sargodha,185.22133714936876,3.427236517483224
Faisalabad,21.40415928323743,0.24163962587438964
Lahore,283.84941246584395,2.7713649893397694
Sargodha,543.8851594738611,4.044298874700661
Sargodha,165.41718476523243,0.21562826401448434
Faisalabad,493.7563658097352,0.5876782668119173
Faisalabad,281.4649660300011,0.04765294906964526
Faisalabad,204.68327169501083,2.3036574051970655
Lahore,160.5889990347179,1.7358138985366627
Faisalabad,427.46139879939494,0.6485900406084125
Sargodha,581.8886810893389,2.6964137860371147
Sargodha,463.4971597012534,1.1564025077404811
Sargodha,197.5881380772933,0.22984278994828183
Faisalabad,224.94222388597822,0.5016737353443902
Lahore,112.39009922031352,2.577213589220682
Faisalabad,249.96848423825247,0.2908206388338144
Sargodha,182.08195215062196,0.3442578172252443
Lahore,262.45874707719554,1.6033004188551794
Faisalabad,143.1878707116283,0.46458520057444824
Faisalabad,341.65756956074637,0.22376364030107446
Sargodha,404.96221721630974,1.2489931348636645
Lahore,810.1630892040891,0.33005632435338433
Lahore,50.82683044847285,1.0813168745521957
Faisalabad,154.9620393232992,0.7199408402096206
Faisalabad,112.72764073951718,1.0001792999745516
Lahore,85.5088673870592,0.8229086924602603
Sargodha,104.65880739903986,0.4758189464384073
Lahore,207.7064266175897,0.2401498150546209
Faisalabad,263.08784541558975,0.2560843285976421
Lahore,241.029516667962,0.812094977748731
Faisalabad,-23.41551649862725,0.2602156871662947
Faisalabad,262.8266388794049,0.6882798220643519
Faisalabad,141.21013151650516,0.13854706608264666
Sargodha,202.36955100103913,2.7550185812539194
Lahore,482.2853255868585,0.4360718673940592
Sargodha,285.3433828725196,0.1202762381287484
Lahore,339.65801583750704,3.5112461990276844
Sargodha,420.03781355791415,1.2923058549437894
Faisalabad,91.73418537610348,0.07307500565028295
Sargodha,280.020757068686,0.3362740826998962
Faisalabad,102.87629509720918,0.4868732332445256
Faisalabad,134.17905991842724,0.5841509130514477
Sargodha,560.2215841160582,1.5731122886466837
Faisalabad,287.5072577251933,0.25696236360934865
Lahore,826.5210379346811,2.0804659413522573
Lahore,653.9408230318464,1.4819196381809807
Lahore,184.30178194731803,0.3728791064953657
Sargodha,45.878334412717734,0.32561056659310444
Lahore,738.8970620758279,2.1540217357575355
Sargodha,349.3726392500008,0.6573539512750508
Lahore,113.13435149581571,0.5508931657870239
Faisalabad,610.5285089053331,0.2465991775823546
Lahore,180.52507558493684,0.17863696915146143
Lahore,323.150349963715,0.21424332600331672
Faisalabad,302.96760886962846,0.7704262261835021
Lahore,604.7549957073725,2.192365012878783
Faisalabad,463.8890711751079,1.7863225877687077
Faisalabad,662.6715753977047,1.2989047270291125
Sargodha,134.73266046535733,0.41383395860719663
Lahore,220.55323987555474,0.5522298183694386
Sargodha,92.23405093615449,0.20398505224246397
Lahore,672.60345812619,0.2734511147307221
Faisalabad,591.4044726987735,-0.032590377660979566
Faisalabad,444.517133010549,0.3267182131738884
Faisalabad,372.3059695829474,1.747456370544476
Lahore,308.2176385425519,0.4725022022688345
Sargodha,136.73070188491437,0.6530397775905898
Lahore,618.8258772366805,0.8189851893383415
Faisalabad,152.5980470537165,0.039655368621747185
Faisalabad,170.80285975752042,0.3576347874778634
Faisalabad,410.9834600321553,2.2932713754434304
Faisalabad,146.49657371052524,0.02686931903272465
Faisalabad,478.6032623977425,0.7078563186421415
Sargodha,315.1927370755964,0.7198996714201944
Lahore,311.0916239935028,1.1332663432492975
Faisalabad,298.7902876306431,0.16665762917175872
Lahore,376.34656003596916,-0.4194521423725467
Lahore,394.3071337296466,1.7607822207600776
Lahore,104.46883197028436,1.1013496159384262
Faisalabad,249.07093005386835,0.383565367040421
Lahore,546.5714682186514,0.6446194522211899
Faisalabad,187.9309377068152,0.5277737747357764
Faisalabad,839.4735984715721,-0.5495393447366808
Lahore,-27.253885104064466,0.23218035548579039
Faisalabad,254.93665495115124,0.5111994103142888
Sargodha,249.70011827207028,0.338227073885369
Faisalabad,189.88166084967605,0.7113651332435917
Sargodha,236.6196074840875,0.019539709061077673
Faisalabad,253.74157901473873,0.4096666259534212
Sargodha,289.9725409831008,0.13608607822149596
Lahore,284.12706880546534,0.5687113120277966
Sargodha,477.08309160236865,2.2432852851955887
Faisalabad,426.0122005455352,2.055235734471729
Lahore,94.85073039039715,0.6069399392174564
Lahore,630.3834341102832,3.4328456362910256
Lahore,239.03398929010842,3.1034634280211675
Sargodha,83.60653064921873,1.5057042703346264
Lahore,157.4327396494868,0.4283276256271301
Faisalabad,257.6361863590235,0.9018911503332857
Lahore,596.6103648104518,1.6116359439796264
Lahore,495.2344223283578,1.8629219728192254
Sargodha,646.0351044267785,1.5394518837935625
Faisalabad,244.68693156873607,2.734014307865352
Lahore,272.5000455545071,0.07678015336868954
Sargodha,871.1321246654244,2.137748650763199
Faisalabad,243.48417531525433,0.21241550147938315
Lahore,283.5464775232896,0.04671116990588895
Faisalabad,245.48719991750352,0.5569072475059668
Faisalabad,55.15424112711624,0.29085910951875515
Lahore,475.7903827340109,2.088630740780188
Sargodha,452.06543884731553,1.2719230716034493
Lahore,303.67408159699505,0.2567744708037567
Sargodha,266.157324752136,0.4193265646413763
Sargodha,585.9413547711306,0.8245760162089623
Sargodha,135.642706371398,1.5896940374475685
Sargodha,801.927247308288,2.7685608602444236
Faisalabad,208.1610879602411,0.45906063166179784
Faisalabad,93.43616215128363,0.05271486005806845
Sargodha,142.93126796898875,0.1960149994924579
Lahore,178.20448665869537,0.12798389804281612
Faisalabad,818.4958693028734,-0.31894987710074735
Faisalabad,210.81268905300516,2.052896757559926
Sargodha,207.2066821286637,0.3507680351362957
Sargodha,293.165411842063,1.415143097526768
Lahore,235.5926011433556,0.8364677645939096
Lahore,124.38351073672051,0.20883090132843574
Lahore,85.11285798542823,0.23539043025509732
Sargodha,185.81247006418337,0.38581164315074146
Faisalabad,272.0969850668411,2.141210292602893
Faisalabad,134.39139049012357,0.22964675660492256
Faisalabad,134.70707301327474,0.5378379197396298
Lahore,638.5315074751411,1.1126594101542693
Sargodha,409.9833877187289,0.8631640141381518
Faisalabad,89.76498523086089,0.4226041420597657
Lahore,120.8623064049693,0.1870318574351007
Lahore,208.08365894724963,0.2147907578445599
Faisalabad,70.92290798630508,0.506681946272771
Lahore,649.0500548411453,2.0039780479311604
Faisalabad,275.21594035366445,0.538829687105727
Lahore,670.5987713774714,0.47371985026201674
Sargodha,529.8563797955217,0.4351068490612705
Lahore,-19.020582376410392,0.809290568054839
Lahore,749.4907479273649,2.134387441879481
Lahore,207.96699017308964,-0.4043622961788318
Lahore,280.7059555075162,1.2700785900424494
Faisalabad,221.32521277558675,0.5110648933741669
Sargodha,613.148717170632,1.93858523997379
Faisalabad,255.2853372697601,0.2981810698852986
Lahore,301.45400919025775,0.23499668382440433
Lahore,363.8012701055338,0.2567241706806904
Lahore,297.6858603556041,2.0546881286709393
Sargodha,357.75640936696016,0.806774502743132
Sargodha,398.2949108066075,1.500788881538478
Sargodha,230.5386758258091,0.2867980542959953
Sargodha,684.8884748078448,0.4680553910373503
Lahore,453.4847312052235,1.24617937638473
Faisalabad,-58.831399172313844,0.3408144919582473
Faisalabad,222.6088627242786,0.03696779420056722
Sargodha,368.7734932571233,1.8522566563464107
Lahore,215.32830276675668,0.3724981017938834
Sargodha,127.99314338935669,0.5391439401690153
Faisalabad,84.06415415529646,0.923947233401724
Lahore,438.4386494355571,0.01642432188535259
Faisalabad,149.63410954026173,0.37009966944684736
Sargodha,518.8006382320813,1.0019154640277148
Faisalabad,255.84898229568154,0.9429320867411541
Lahore,514.0945513941479,0.594357540285246
Sargodha,414.14694827476535,1.0348064831477077
Faisalabad,201.84516629901194,0.3577327297050473
Sargodha,356.44896152950355,1.0461853350511396
Faisalabad,311.3404290116732,0.09101969558330664
Sargodha,233.87154893945643,0.39779001015450427
Lahore,519.3515315999003,2.281452893759848
Lahore,655.7374957600956,-0.11930136768820754
Sargodha,309.38194938137553,0.39935194796299295
Faisalabad,66.97274403786248,0.61927016527524
Lahore,101.17207720295164,-0.030026796371451184
Faisalabad,217.72346050203453,0.5350057831845133
Faisalabad,49.85456743910433,-0.16970541773032127
Faisalabad,390.35617209781606,1.154817347555499
Lahore,488.82189358596713,1.7942317419668117
Faisalabad,422.42719402767614,0.8422002999185119
Lahore,274.1192530183885,2.713596558490136
Sargodha,683.131019932721,1.6983301741980803
Sargodha,320.013182279409,2.961717858801742
Faisalabad,232.1661822363285,0.4740316152160642
Lahore,270.72797330454637,0.1597056931390496
Sargodha,377.22837029092216,1.7567174877996137
Lahore,370.2306202122815,0.16969846267785405
Faisalabad,173.02206151841423,0.3538687662263903
Lahore,857.5598898680171,1.6494653376144957
Sargodha,243.5003942958001,1.6278287749949492
Faisalabad,343.6366892431803,3.0080281736732495
Lahore,248.41661310845862,1.9203067281171444
Lahore,356.0204831004672,0.21358271728852862
Faisalabad,268.59194471298736,0.28259724127420316
Lahore,227.05969806068856,0.5310200543245062
Lahore,152.73165688801515,0.08952923878665005
Lahore,475.8304781339915,0.9893476064169956
Lahore,148.47899450610387,0.4991250368183131
Faisalabad,655.6478423641951,1.49018898973154
Lahore,194.27455980297094,1.3477762276168717
Lahore,58.864040606791555,0.392817919272314
Faisalabad,525.3762698980773,0.679304785440979
Lahore,312.6551118614982,0.6857191737392754
Sargodha,478.26304477211147,1.7145774107311516
Lahore,275.99133019402393,1.362763818065576
Lahore,62.74511737430244,0.29481500118021103
Sargodha,304.79650423407344,2.3018166788885783
Lahore,439.1311878737746,3.185135466966535
Faisalabad,317.80697337481143,0.5407797022814287
Lahore,443.01086338124605,0.4192900818723306
Faisalabad,299.7114366192808,0.3224981408055885
Lahore,188.5665237688176,1.2111437743342865
Lahore,323.1873145213338,0.7231809055151469
Sargodha,430.04698686107236,2.5179733762901657
Faisalabad,423.4610417259242,0.8893667539794863
Faisalabad,167.84036845682678,0.08548140779920334
Sargodha,77.30974142856527,0.4156787857994609
Faisalabad,-16.878338143362626,2.730698339748166
Faisalabad,286.295228774883,0.26186765245679017
Lahore,208.1597458899403,0.27001114093846196
Faisalabad,283.00288184304827,0.3480692432267374
Lahore,168.78633206718476,0.18529131129522214
Lahore,222.04581486724007,0.4566803379266432
Lahore,208.4502355140468,0.2987999927585578
Sargodha,567.9857300739504,2.2678184084285857
Faisalabad,160.76099365762224,0.31327552107268225
Lahore,459.4927702298716,1.0489366299850724
Lahore,198.73839888138264,0.8911049051671082
Faisalabad,181.05149356109732,0.125288373896738
Faisalabad,385.0122282564328,0.22794339648296574
Lahore,711.4189826347833,1.2880066770153584
Sargodha,237.97119536912484,0.5789314903384011
Lahore,713.6277672350441,3.6352031077095965
Faisalabad,118.06905120950566,2.0850037674470943
Sargodha,203.21556266988017,0.11889947605361124
Faisalabad,444.597199992811,1.9210202496538824
Sargodha,281.35870802286576,0.39583845335618273
Faisalabad,231.39481239246624,1.7739365139490368
Faisalabad,589.5114143057338,2.4338023140751277
Faisalabad,386.4890767625778,2.4669680982911717
Sargodha,161.13258396698694,1.8302655168788668
Faisalabad,354.1395392111691,0.8801004679089699
Sargodha,317.96905293709864,0.2634733761115156
Faisalabad,503.79424135719995,0.5322679928284585
Sargodha,735.0364074855282,0.4736286582105559
Sargodha,439.65236079941263,0.3764896862035193
Sargodha,165.35833671025367,0.5762817003136861
Lahore,279.83396698480493,0.2413872345143074
Lahore,315.195407361297,-0.06760174335831026
Faisalabad,-173.6502596305836,2.3570168510352336
Faisalabad,589.3874735055334,2.4918882983765767
Faisalabad,352.86617865228106,0.760527674417208
Faisalabad,56.52409370326967,0.35958995034322466
Lahore,272.15143405308845,0.13930481600521877
Faisalabad,787.6678765150583,0.9480510808096073
Sargodha,303.87519828048175,0.08493340692983088
Faisalabad,647.9895444316845,3.129078356864035
Faisalabad,764.6279374848451,0.9587833565779761
Lahore,271.964049957588,1.8600027798724068
Lahore,26.705354031203026,-0.43708781623071924
Faisalabad,357.34848551512795,0.5440622238646403
Faisalabad,178.7260993983364,0.21575174973327998
Lahore,115.77791131126455,2.4209908571892007
Lahore,442.98182972069964,0.669868833898949
Faisalabad,529.1441905153803,1.2447384372362977
Sargodha,197.56025421969986,0.32485641818925665
Lahore,238.3883705605652,2.2148160412443705
Sargodha,370.3987779281776,0.6648671904758026
Faisalabad,406.9975863805735,1.4580465890204912
Lahore,7.103956863048485,0.20194639695056146
Sargodha,360.3016590848855,0.88921520993059
Faisalabad,131.78756509887677,1.3448051840005073
Lahore,302.57056308048055,0.34964418517147644
Faisalabad,50.14869095208854,0.37167177694040765
Sargodha,275.6764001774334,0.2043652734302961
Faisalabad,177.1156070190658,0.373438739584661
Faisalabad,284.8482493260716,1.5614042926783942
Sargodha,523.1356481848496,1.2465590338472021
Lahore,111.63890886775707,0.33330653222191076
Lahore,623.2369637545725,0.6570576479475964
Sargodha,278.9360695685585,0.5776850667289182
Lahore,231.64411077187452,0.5668884332212963
Lahore,494.30028179713725,0.7840618308876858
Lahore,88.51082960879218,0.21115016927189578
Lahore,142.35073210898395,1.8010090461878163
Sargodha,256.3651546100013,0.534545395551338
Lahore,453.81303392744155,0.48476314639603363
Lahore,231.65975900053922,0.29965389819022875
Faisalabad,202.71410112606853,0.3957774868872546
Faisalabad,230.29233261538442,0.36493833596719427
Faisalabad,257.04056855507446,0.2543564950388911
Sargodha,170.86764711871643,0.09075964719552043
Lahore,-1.3366136405804458,1.8552739150259354
Sargodha,43.36384971816085,1.451356574142485
Lahore,687.3911065423645,1.1648340607318683
Lahore,486.0174636953037,1.936296309168674
Sargodha,275.75908718599703,-0.14478157948280113
Faisalabad,375.5252134226538,2.1629105229610035
Faisalabad,443.7435509309869,1.8430551947228213
Sargodha,162.26524729717445,0.5354441401998723
Faisalabad,890.9525026265422,1.5115340487006277
Sargodha,449.52186326164644,3.565492855960881
Lahore,134.74911843059502,0.18785367520889326
Sargodha,80.32009605434102,2.7795682612854686
Sargodha,384.8362152617536,0.3594406381417667
Lahore,352.6505500361658,1.1801988971631712
Lahore,315.72356020556174,0.1670795436671084
Sargodha,268.3923453565576,0.06917808021036294
Faisalabad,274.38475156767885,2.3444086124288814
Lahore,557.2064036680135,2.4269787687487976
Lahore,341.28818888922956,1.6808117291544087
Faisalabad,197.3716462212942,1.5352901278166566
Sargodha,335.87628246324624,0.23711529316516278
Sargodha,189.77095725001968,0.5082132354960452
Faisalabad,532.6654643069616,4.107488872722317
Faisalabad,527.9916976601079,1.406543023456011
Faisalabad,239.20767013781364,0.18708637547143409
Sargodha,74.05833198832865,2.951057300929026
Faisalabad,140.66456247121334,0.26189691507439883
Faisalabad,163.26314065354836,0.2599262825400798
Lahore,103.43750787476004,0.34814480512424933
Lahore,484.5868661792694,3.564014018211813
Lahore,352.35883312439034,0.2601020989898601
Faisalabad,794.4813556447457,1.3642913143870783
Faisalabad,160.10896460994118,0.37782450744196905
Lahore,219.70784757521497,0.08592467192896155
Lahore,524.5905317131262,2.0643276488112505
Faisalabad,572.7444565834711,3.1493992760074274
Faisalabad,102.9423256948542,0.4377544672400806
Sargodha,943.6833262614467,2.68562577037899
Lahore,515.0675524449742,2.0812181865802026
Sargodha,583.1482453792571,1.0700900155007964
Faisalabad,591.0383804981233,4.201696274266165
Lahore,241.30042442256703,0.4393967380811408
Lahore,102.33149132792245,-0.0690275631353535
Lahore,165.5197652554888,0.34555556564546086
Lahore,42.63778565738454,0.26636118128407715
Lahore,444.37334178463146,1.7350141666820054
Sargodha,357.9187298286356,1.643244804945866
Faisalabad,189.05040043732163,0.40787750714239307
Sargodha,661.626233362687,0.4146026530362515
Sargodha,138.42306480110003,0.226005451546078
Sargodha,179.23603068371742,0.7250514133626236
Faisalabad,193.5129542901596,0.05256171306818518
Sargodha,31.761538491393953,4.062279121388013
Faisalabad,186.5282022314025,0.4786328899299779
Sargodha,-103.23141886081396,1.000676651232821
Lahore,154.9702576787028,0.35147756782836953
Faisalabad,306.26185381218164,0.27373722745894413
Lahore,238.77979808855676,0.41676047192226817
Lahore,298.6006840285088,1.7084637897684334
Lahore,442.8532133545673,2.4504625946220218
Faisalabad,79.2502688361025,0.22858522958357308
Sargodha,335.6063082708806,2.8189808213298178
Faisalabad,469.1692783674672,0.10613562560998305
Faisalabad,838.384687841081,0.872519607121103
Sargodha,509.0502882442807,1.1883584239346794
Lahore,430.94876090061723,3.633204362861887
Faisalabad,115.37034552741768,0.24935350466707606
Sargodha,252.82249822232836,1.7930895495862986
Faisalabad,414.5633485293738,2.4223896449084816
Faisalabad,159.76151067874048,0.31619086196280455
Sargodha,569.2133205909101,1.4354971910840382
Faisalabad,389.41701093786355,-0.035496772983107314
Faisalabad,466.5241569562078,3.157792783383006
Sargodha,509.67127241618226,2.3760821260113056
Lahore,70.3880927072013,1.0968314122861376
Lahore,425.87958801716775,0.6649380333656483
Sargodha,89.36218132789158,0.3564550555798663
Sargodha,160.92802138976538,0.47731651783418594
Faisalabad,328.4833282958261,0.29506278731265123
Sargodha,690.7848614624594,0.42957513426039484
Sargodha,168.99853794838035,0.5062515365576217
Faisalabad,163.62712638882863,0.40305457232242026
Faisalabad,113.63400663793087,0.22245906332499918
Sargodha,76.77742876613044,0.27412134400098803
Lahore,273.04090357915163,1.1113013461371133
Faisalabad,36.48570791615571,0.5011868611641503
Faisalabad,253.06646268785954,0.757754554260611
Sargodha,445.38139056010885,2.299670116647846
Faisalabad,243.83920379821893,0.17411991363910834
Sargodha,214.86996760680816,1.652876598354475
Lahore,69.1313646525094,1.1014978309945833
Lahore,384.00716929663577,2.149617604520028
Sargodha,217.23647444818647,0.24316745156133612
Lahore,179.13121672691088,-0.08190075969322043
Faisalabad,329.274470681339,1.7225793803131761
Faisalabad,842.3461015366257,2.238854501398746
Sargodha,203.08255373719018,0.09107755081267375
Faisalabad,986.7135802794229,1.891649953983361
Faisalabad,296.92009325995525,0.17363009341269214
Sargodha,642.5175056640094,2.104286322232199
Sargodha,86.20916562777019,0.14553037128802876
